{"cameraMode":{"drawMode":0,"name":"Shaded","section":"Shading Mode"},"sceneLighting":true,"audioPlay":false,"sceneViewState":{"m_AlwaysRefresh":false,"showFog":true,"showSkybox":true,"showFlares":true,"showImageEffects":true,"showParticleSystems":true,"showVisualEffectGraphs":true,"m_FxEnabled":false},"in2DMode":false,"pivot":{"x":0.22939005494117738,"y":0.010483138263225556,"z":-0.32465043663978579},"rotation":{"x":-0.2076864093542099,"y":-0.3591929078102112,"z":0.08232906460762024,"w":-0.9061319231987},"size":0.878720760345459,"orthographic":false}