{"cameraMode":{"drawMode":0,"name":"Shaded","section":"Shading Mode"},"sceneLighting":true,"audioPlay":false,"sceneViewState":{"m_AlwaysRefresh":false,"showFog":true,"showSkybox":true,"showFlares":true,"showImageEffects":true,"showParticleSystems":true,"showVisualEffectGraphs":true,"m_FxEnabled":false},"in2DMode":false,"pivot":{"x":1.1227052211761475,"y":0.2678245007991791,"z":-0.7462795376777649},"rotation":{"x":-0.09836438298225403,"y":0.4382455348968506,"z":-0.04831819236278534,"w":-0.8921576142311096},"size":0.2868213653564453,"orthographic":false}