{"cameraMode":{"drawMode":0,"name":"Shaded","section":"Shading Mode"},"sceneLighting":true,"audioPlay":false,"sceneViewState":{"m_AlwaysRefresh":false,"showFog":true,"showSkybox":true,"showFlares":true,"showImageEffects":true,"showParticleSystems":true,"showVisualEffectGraphs":true,"m_FxEnabled":true},"in2DMode":false,"pivot":{"x":0.000032901763916015625,"y":0.81058669090271,"z":-8.197131156921387},"rotation":{"x":-0.15211646258831025,"y":0.5697044730186462,"z":-0.10826625674962998,"w":-0.8003745675086975},"size":1.2164180278778077,"orthographic":false}